{"name":"crowdflower_sentiment-analysis-in-text","title":"Sentiment Analysis in Text","description":"Sentiment Analysis: Emotion in Text\n\nIn a variation on the popular task of sentiment analysis, this dataset contains labels for the emotional content (such as happiness, sadness, and anger) of texts. Hundreds to thousands of examples across 13 labels. A subset of this data is used in an experiment we uploaded to Microsoft's Cortana Intelligence Gallery.   Added: July 15, 2016 by CrowdFlower | Data Rows: 40000 Download Now\n\nSource: https://www.crowdflower.com/data-for-everyone/","homepage":"https://data.world/crowdflower/sentiment-analysis-in-text","license":"Public Domain","resources":[{"name":"text_emotion","schema":{"fields":[{"name":"tweet_id","title":"tweet_id","type":"integer","rdfType":"http://www.w3.org/2001/XMLSchema#integer","dwSourceId":"tweet_id"},{"name":"sentiment","title":"sentiment","type":"string","rdfType":"http://www.w3.org/2001/XMLSchema#string","dwSourceId":"sentiment"},{"name":"author","title":"author","type":"string","rdfType":"http://www.w3.org/2001/XMLSchema#string","dwSourceId":"author"},{"name":"content","title":"content","type":"string","rdfType":"http://www.w3.org/2001/XMLSchema#string","dwSourceId":"content"}]},"path":"data/text_emotion.csv","format":"csv"},{"name":"original/text_emotion.csv","path":"original/text_emotion.csv","format":"csv","mediatype":"text/csv","bytes":4394791}],"keywords":["crowdsourced","social media","feelings","emotions"]}